stage1,stage2,precision,recall,f1
isolation_forest,random_forest,0.7838827838827839,1.0,0.8788501026694046
isolation_forest,svm,0.9181034482758621,0.9953271028037384,0.9551569506726457
isolation_forest,xgboost,0.7430555555555556,1.0,0.852589641434263
lof,random_forest,0.879746835443038,1.0,0.936026936026936
lof,svm,0.9205298013245033,1.0,0.9586206896551724
lof,xgboost,0.9084967320261438,1.0,0.952054794520548
autoencoder,random_forest,0.75,1.0,0.8571428571428571
autoencoder,svm,0.96875,1.0,0.9841269841269841
autoencoder,xgboost,0.6642857142857143,1.0,0.7982832618025751
