window_id,window_attack,is_score,is_flag,lo_score,lo_flag,au_score,au_flag
0,0,0.0024699933154901377,1,-1.0410363151169348,0,2.376938611640726,1
1,0,-0.029753084295709775,1,-0.7496374682009472,0,3.674620208311316,1
2,1,-0.017480548860606904,1,-1.0342997517771013,0,1.7887873827751721,1
3,1,0.0025457995575042247,1,-1.0230616166194197,0,0.6602525098224034,0
4,1,-0.03076448329360648,1,3.385923600648717,1,10.133471503688636,1
5,1,-0.015672326748199517,1,3.7690742207192955,1,11.834122347679116,1
6,1,-0.005803437590037652,1,3.258185580751109,1,10.888650169148926,1
7,1,0.014396488841245114,1,3.9429260588126662,1,13.374358810811406,1
8,1,0.01151096626953707,1,3.2602922974242277,1,10.349044753903257,1
9,1,-0.018015300512046584,1,0.16332194501246589,1,2.483342779771391,1
10,1,-0.0038051887650489835,1,-0.8744787378756333,0,1.1325550654177452,0
11,1,-0.007155179534894196,1,2.0287659064377794,1,6.197123455472194,1
12,1,0.00011653746710338364,1,0.11701466082663181,1,2.380889072487276,1
13,1,0.006249227145835534,1,-1.114023354639601,0,0.4878621642784265,0
14,1,-0.014888636576863679,1,-0.5945221689751399,1,0.8469798076541715,0
15,1,0.006622508331577293,1,0.16240755296157028,1,2.1531030891166942,1
16,1,-0.004868332834070399,1,3.175083395531883,1,11.64421858374388,1
17,1,-0.008406277670810924,1,3.313394396426777,1,10.134271635413626,1
18,1,0.015185030337428795,1,4.208721523728368,1,16.255912950685353,1
19,1,0.005771411002768234,1,3.9420702715481686,1,12.76786275931948,1
20,1,0.010880994132017374,1,3.6040047731483162,1,12.377390460067986,1
21,1,-0.010434505602651134,1,0.7842369455771032,1,4.788060239252124,1
22,1,0.008838902691992168,1,1.5413452536790948,1,4.677717728535334,1
23,1,-0.013175855794193003,1,1.245398511107544,1,5.983947877829541,1
24,1,-0.015165875923916938,1,-0.2983077226717348,1,1.8256503841138265,1
25,1,0.013458874557812028,1,0.7860829508743015,1,4.941687978032365,1
26,1,-0.014302010490503059,1,0.9315523772297674,1,6.6675158080265575,1
27,1,0.002142844011752687,1,0.13850333203712806,1,3.59050726571206,1
28,1,-0.04221544080155659,1,4.904220694200692,1,23.480172514139888,1
29,1,-0.03173936339889516,1,5.275481405638903,1,23.836307716613593,1
30,1,-0.05292912899253044,1,5.154160411876692,1,23.25701196514263,1
31,1,-0.061441805961063856,1,6.576266589075269,1,33.65782404577705,1
32,1,-0.022943551237055826,1,4.2269863321869945,1,18.084558867237764,1
33,1,-0.0004197205693461381,1,-0.09672875122548596,1,3.284953674366111,1
34,1,-0.031335288184722976,1,1.9446376046018048,1,9.854650499760362,1
35,1,-0.025163604714954046,1,0.7927327402899618,1,5.4712149437121935,1
36,1,-0.0016424047789526108,1,0.9221628478866113,1,5.446264472645332,1
37,1,-0.008565288225423462,1,0.5186500267745684,1,5.509792922840632,1
38,1,-0.005954917203819687,1,-1.1021779721502984,0,0.3636157478221873,0
39,1,0.0182476388038304,1,-0.600334308607392,1,1.8417060526648144,1
40,1,0.014962952033936383,1,0.1845150476834343,1,3.4981838791707007,1
41,1,0.016671006267632626,1,3.233564007116622,1,12.555862589610689,1
42,1,0.00031486980587247526,1,3.078714501356886,1,12.945581551561194,1
43,1,0.0024427807108673427,1,3.8386361713472117,1,15.810807934919968,1
44,1,0.0031025837448187543,1,4.131696803141148,1,17.370401727261363,1
45,1,0.00914297272006881,1,5.226167511533232,1,22.14366776226721,1
46,1,0.016658476817954626,1,3.830869099844618,1,15.114435721525627,1
47,1,-0.002504993573536951,1,2.020222458442587,1,8.469935080236514,1
48,1,0.0008530121998828744,1,0.9884069113247613,1,5.199118844499812,1
49,1,-0.013761452805413188,1,0.7998780089236908,1,5.170092690112043,1
50,1,0.004368952117822955,1,1.5286287508973673,1,7.503318011275221,1
51,1,0.012228094675546641,1,1.1864571492858147,1,6.251580777806025,1
52,1,-0.009985160364265333,1,-0.46351902294186775,1,2.226848260764702,1
53,1,-0.012153644663787988,1,-0.6964920794832459,1,1.346397638567461,0
54,1,-0.03881762793087373,1,-0.03200484059519049,1,3.769421446113268,1
55,1,-0.06619085044599249,1,-0.31596011996631845,1,2.693464066490546,1
56,1,0.012309112896341623,1,0.4693730818023605,1,4.104298915804104,1
57,1,-0.012435880361447937,1,0.07012230427187616,1,2.2663018186483113,1
58,1,-0.004101902655321621,1,0.4311781886228636,1,3.6482913328216853,1
59,1,-0.0008037536439093884,1,-0.4523789584663436,1,1.6402868179221612,1
60,1,-0.010929816376751278,1,-0.21956853416748778,1,1.5214070109653135,0
61,1,-0.020380839315496946,1,-0.20198782679583815,1,1.8204417312985242,1
62,1,0.0018316527444978137,1,-0.0014661242500828564,1,2.070819997156723,1
63,1,0.0011992568471617115,1,0.20157836699941178,1,2.8820922435557614,1
64,1,-0.03906551670252245,1,1.536196073615701,1,5.075193794644365,1
65,1,0.014484684148102445,1,2.080708479021943,1,9.579944878431224,1
66,1,-0.01959435234716911,1,6.602450205193724,1,31.871514308019137,1
67,1,-0.04005712700337749,1,5.2872073296847635,1,24.12878826626386,1
68,1,-0.06892890004865804,1,5.889082150596396,1,26.985876346115344,1
69,1,-0.0066970097474921,1,5.485583455647582,1,24.215634226290014,1
70,1,-0.04682308780827649,1,7.7381625541943,1,40.27543408977298,1
71,1,-0.008701046854217354,1,8.670282846316729,1,45.3873139062315,1
72,1,-0.005759697517520146,1,4.213670364979695,1,18.16371097700104,1
73,1,0.00523658593751275,1,1.7894417189513292,1,6.776837677701778,1
74,1,-0.025417537331278384,1,2.3060028512645068,1,9.124977690285233,1
75,1,-0.039301938438851214,1,-0.10565218441540392,1,3.736222143095341,1
76,1,-0.04694783027121985,1,2.9064321960980783,1,12.017128577620165,1
77,1,0.007341038281659995,1,-0.7569391813728084,0,1.2510575029261433,0
78,1,-0.010639573267543168,1,-0.7884686492945552,0,1.0823853967718242,0
79,1,0.00781906569512314,1,-0.8566779207086093,0,0.9210245603014358,0
80,1,0.033237598814684355,0,0.7752305565307998,1,14.707037772729546,1
81,1,0.00568905184514279,1,-0.9069184623004074,0,0.6427072876950813,0
82,1,-0.01523401455876372,1,-0.933748370102728,0,0.8511013084396708,0
83,1,-0.025054430317606458,1,-0.8382339130929692,0,0.6396581283703318,0
84,1,0.005621208274607992,1,-0.9939093514983779,0,1.0492777121997792,0
85,1,-0.010323198154208235,1,-0.6875432898801415,1,0.8371177905170223,0
86,1,-0.02398654877962325,1,1.2628787376825072,1,5.423544551429041,1
87,1,0.00873041778751138,1,-0.7145048552416657,0,0.6027532580048074,0
88,1,-0.009159925141623337,1,3.203145324379584,1,6.350231514272281,1
89,1,-0.016236753402695925,1,-0.4157790985657215,1,0.8478348810163215,0
90,1,-0.019803392503391914,1,-0.5832684776101926,1,0.7287929333010867,0
91,1,-0.0007774718147551818,1,-0.53323163690615,1,1.0766970081596354,0
92,1,0.00842086060709235,1,-0.3013942503629723,1,1.0160363843213587,0
93,1,-0.0008425597435961496,1,-0.13772026475722665,1,1.2823737317414505,0
94,1,0.0023386252434850485,1,1.1810369297390615,1,1.1734480725389658,0
95,1,-0.010607083873168777,1,1.5258638843725643,1,1.8106346008787455,1
96,1,-0.020551196500261826,1,-0.6307737192276004,1,0.9057875103860182,0
97,1,-0.044030033771944255,1,3.1876103892604255,1,6.316412818774745,1
98,1,-0.031544374611398474,1,-0.25531293488860807,1,0.8333448151659788,0
99,1,-0.04639926152515972,1,-0.2361015280752632,1,1.0324043566000154,0
100,1,0.0021300898673998203,1,-0.5640308519226367,1,1.3145341295987725,0
101,1,-0.002210629926109542,1,-0.18889093981597394,1,0.8546336399411139,0
102,1,-0.02316324332542463,1,-0.636454401154436,1,0.6586264133142468,0
103,1,-0.021997848314088242,1,2.572028639885754,1,6.00469359239999,1
104,1,-0.02345323635480312,1,-0.04616977431547564,1,1.1324840327432155,0
105,1,-0.037453272974200646,1,0.33170035609193693,1,1.3974637091507125,0
106,1,0.0004423401157399587,1,-0.7947676588288359,0,1.022625528310441,0
107,1,-0.03140305391311038,1,-0.6880962364910068,1,1.016906563320415,0
108,1,-0.04459348596028734,1,-0.14463627660454081,1,1.0329294403571807,0
109,1,-0.04814875961145415,1,-0.5817655547523808,1,1.1857917322172917,0
110,1,-0.02094438941718979,1,0.8594667685876884,1,1.5899225549485592,1
111,1,-0.014832075268175093,1,-0.5225978801901163,1,1.0139377164987127,0
112,1,0.0060336233804186845,1,0.47395745151682744,1,1.1192049316667583,0
113,1,-0.03403941101868635,1,4.104086643418826,1,6.169914030200988,1
114,1,-0.04737585756929452,1,0.1320845411620133,1,2.3699971968808837,1
115,1,-0.02781809124048973,1,0.34351725623221574,1,2.3021723239458436,1
116,1,-0.022489952744883968,1,0.009375691388993523,1,1.1349623073315624,0
117,1,-0.005547816626153446,1,0.20993115615443347,1,1.2309789071492117,0
118,1,-0.0005679038093768796,1,0.5003569864526911,1,1.7939168324928403,1
119,1,-0.040540544176488225,1,-0.1573690839514903,1,2.281078065149327,1
120,1,-0.10244992349769566,1,3.0449077384067125,1,6.008454455693342,1
121,1,-0.05217245358945699,1,2.022526486710419,1,4.662895167620553,1
122,1,-0.06050405232709233,1,1.797006687026923,1,4.664854921138456,1
123,1,-0.06056532197313669,1,2.3633077046947837,1,4.669492670941299,1
124,1,-0.09579380511761182,1,2.861847466873473,1,5.698244388331281,1
125,1,-0.05837746358367857,1,3.2699014206903096,1,5.2202988861636594,1
126,1,-0.07510188718375121,1,2.7303443507142293,1,5.500171834708435,1
127,1,-0.08758715322341959,1,3.291593178134208,1,5.448444220910359,1
128,1,-0.09768306241336633,1,5.019339240345548,1,12.680071163154121,1
129,1,-0.04766935997107702,1,0.5589112260608471,1,3.5701518874442035,1
130,1,-0.11828788160375803,1,3.8945624898651325,1,7.289213251621646,1
131,1,-0.11933922668583752,1,3.379954555763707,1,6.511600425959249,1
132,1,-0.09025519395542425,1,2.791844458491911,1,5.6498190503151955,1
133,1,-0.06820725853644138,1,3.219038440314977,1,5.307709377183722,1
134,1,-0.09897423717688503,1,3.461101488048642,1,5.992276714543639,1
135,1,-0.10574726822831937,1,3.271484374319695,1,6.036836818452132,1
136,1,-0.09383044790227624,1,3.1992756780104243,1,5.984026420062018,1
137,1,-0.1120721196551191,1,3.331371715442963,1,6.546201874647413,1
138,1,-0.10316133077390521,1,3.2161037605184384,1,6.209522490136925,1
139,1,-0.11672831127686234,1,3.5928113082832627,1,6.6283210911832695,1
140,1,-0.11828788160375803,1,3.885737347775797,1,7.262794644125732,1
141,1,-0.1100813569760194,1,3.372122242525823,1,6.385885128910426,1
142,1,-0.11828788160375803,1,3.8960022460583237,1,7.299879605097118,1
143,1,-0.11626127319431057,1,3.3641914944192526,1,6.45491151245858,1
144,1,-0.11626127319431057,1,3.63413632854493,1,6.508547937641792,1
145,1,-0.11114465574478172,1,3.613900518929609,1,6.438045645651923,1
146,1,-0.11828788160375803,1,3.897897810398883,1,7.30911022248636,1
147,1,-0.1150178723078491,1,4.0717365564830015,1,7.282077403367948,1
148,1,-0.11828788160375803,1,3.89470032914014,1,7.303198233396773,1
149,1,-0.11828788160375803,1,3.8938295557892864,1,7.305251887441034,1
150,1,-0.10655148823628857,1,3.3146080471171575,1,6.360641452811991,1
151,1,-0.11828788160375803,1,3.8982432656389734,1,7.305928498134973,1
152,1,-0.11054421239702339,1,3.405655219213896,1,6.397310988150011,1
153,1,-0.11828788160375803,1,3.8984096131102874,1,7.304587947247962,1
154,1,-0.11828788160375803,1,3.894866834964455,1,7.283359213405191,1
155,1,-0.11828788160375803,1,3.8927062863799518,1,7.295605970201896,1
156,1,-0.11828788160375803,1,3.8924320401597057,1,7.3008565333211495,1
157,1,-0.09612843983460595,1,3.4121459510059506,1,6.0851092816986885,1
158,1,-0.11828788160375803,1,3.864374586325439,1,7.2470292524648645,1
159,1,-0.1100813569760194,1,3.3770941306435627,1,6.367387035112439,1
160,1,-0.11828788160375803,1,3.8901020491895912,1,7.247226976983558,1
161,1,-0.11828788160375803,1,3.8945645259761155,1,7.279746786827495,1
162,1,-0.11828788160375803,1,3.896749899340542,1,7.305373832305863,1
163,1,-0.11828788160375803,1,3.896923261944227,1,7.309485287713687,1
164,1,-0.09942957512981188,1,3.445208081737517,1,6.118617019997656,1
165,1,-0.11828788160375803,1,3.8967861975817004,1,7.30949226610812,1
166,1,-0.09547542793833996,1,3.3743910587802364,1,6.091694490975432,1
167,1,-0.11828788160375803,1,3.8944177802579634,1,7.291240674944683,1
168,1,-0.11626127319431057,1,3.397296250147647,1,6.525038311465849,1
169,1,-0.10975581091801057,1,3.394415385751469,1,6.518380902115593,1
170,1,-0.11828788160375803,1,3.8899708927291,1,7.2702196104216315,1
171,1,-0.11828788160375803,1,3.892007674142556,1,7.262871044394581,1
172,1,-0.11828788160375803,1,3.893573077894723,1,7.287171440705697,1
173,1,-0.11828788160375803,1,3.8908231840558813,1,7.291453219522649,1
174,1,-0.11828788160375803,1,3.89141371119471,1,7.264312466295081,1
175,1,-0.10975581091801057,1,3.394767492021231,1,6.491665423360236,1
176,1,-0.11346567080500414,1,3.6537410735667497,1,6.642607001812408,1
177,1,-0.10929348873824585,1,3.5099316274985006,1,6.530253700298607,1
178,1,-0.11828788160375803,1,3.8937303356276467,1,7.275508321697265,1
179,1,-0.11828788160375803,1,3.8984192475662556,1,7.303250208874369,1
180,1,-0.10972668017063547,1,3.7873300922776605,1,6.497144245052789,1
181,1,-0.11828788160375803,1,3.8964717230044212,1,7.302065770214162,1
182,1,-0.11253632245466583,1,3.6712484698843517,1,6.519534392432827,1
183,1,-0.11828788160375803,1,3.89890888808861,1,7.310973952161929,1
184,1,-0.11828788160375803,1,3.8940161639707633,1,7.289133043060491,1
185,1,-0.11828788160375803,1,3.9002431191201192,1,7.309788472664219,1
186,1,-0.11828788160375803,1,3.895978217284162,1,7.304677901366402,1
187,1,-0.11828788160375803,1,3.8930972893239972,1,7.295856757635535,1
188,1,-0.11828788160375803,1,3.894559210213701,1,7.286881519272731,1
189,1,-0.10731079121446041,1,3.374994345379297,1,6.403401179091847,1
190,1,-0.11828788160375803,1,3.8979942703060293,1,7.308061754774568,1
191,1,-0.11828788160375803,1,3.89912128526885,1,7.297836830035436,1
192,1,-0.11828788160375803,1,3.897295645032641,1,7.307632201354254,1
193,1,-0.11828788160375803,1,3.895981760374274,1,7.311858266674416,1
194,1,-0.11828788160375803,1,3.8628948567378667,1,7.247451131884565,1
195,1,-0.11828788160375803,1,3.8921501974454853,1,7.272617646915938,1
196,1,-0.11828788160375803,1,3.8926592258142994,1,7.302421263719791,1
197,1,-0.11828788160375803,1,3.898691854383396,1,7.315715132190914,1
198,1,-0.10305450128788962,1,3.3501703077401417,1,6.007858149796147,1
199,1,-0.1106813942094268,1,3.4577430450199427,1,6.288815570559412,1
200,1,-0.10354150985070232,1,3.425239301904639,1,6.206839838535507,1
201,1,-0.10744732485562014,1,3.504206991560993,1,6.478593130358156,1
202,1,-0.11828788160375803,1,3.891145604949108,1,7.282109249633576,1
203,1,-0.11828788160375803,1,3.892328407801863,1,7.2990708608831785,1
204,1,-0.11346567080500414,1,3.362071946822844,1,6.490537101714542,1
205,1,-0.11828788160375803,1,3.893525624963226,1,7.306368674539868,1
206,1,-0.11828788160375803,1,3.9025668357214767,1,7.319268010957449,1
207,1,-0.11828788160375803,1,3.895728584769808,1,7.300111944280564,1
208,1,-0.11828788160375803,1,3.8882659982370735,1,7.257702009914787,1
209,1,-0.1025967115890335,1,3.1356062345157736,1,6.1520657731164885,1
210,1,-0.11346567080500414,1,3.6558527802079985,1,6.602402576684483,1
211,1,-0.11828788160375803,1,3.8937885874525686,1,7.3074865904443085,1
212,1,-0.11828788160375803,1,3.8963002466579915,1,7.302783984556799,1
213,1,-0.1150178723078491,1,4.0688565389538365,1,7.275053950332134,1
214,1,-0.11828788160375803,1,3.8920916114680932,1,7.292931497728619,1
215,1,-0.11828788160375803,1,3.8952346230584207,1,7.30188776575711,1
216,1,-0.11828788160375803,1,3.8908455485860594,1,7.2934074309184185,1
217,1,-0.11102175312356644,1,3.59229506731154,1,6.532551638538946,1
218,1,-0.11828788160375803,1,3.8965658211193532,1,7.310206897344949,1
219,1,-0.09495528441322099,1,3.0940596162793477,1,5.866799036794216,1
220,1,-0.10869466820056317,1,3.4325881567853753,1,6.421485265126904,1
221,1,-0.11253632245466583,1,3.3809773911903522,1,6.471436152622701,1
222,1,-0.11253632245466583,1,3.394941565202551,1,6.512518440452174,1
223,1,-0.09849055531851048,1,3.3994230009686777,1,6.17756684786288,1
224,1,-0.11626127319431057,1,3.6225634164823064,1,6.531425066694959,1
225,1,-0.1120721196551191,1,3.4096091859753614,1,6.468371106195228,1
226,1,-0.11828788160375803,1,3.894327472886444,1,7.296974358299155,1
227,1,-0.10834071057347139,1,3.6796597935472666,1,6.3954500096394264,1
228,1,-0.11379298372048785,1,3.529811832969894,1,6.380247173250967,1
229,1,-0.1150178723078491,1,4.054941097991792,1,7.257055042608132,1
230,1,-0.10804371676791302,1,3.495887876169116,1,6.506578953165766,1
231,1,-0.1150178723078491,1,4.061629981102358,1,7.276082555278753,1
232,1,-0.0977700760948218,1,3.0655764573212854,1,5.927836380671696,1
233,1,-0.037056170619731654,1,0.7599351181013976,1,1.5381259327125192,0
234,0,0.12616932438602302,0,-0.3525853987713232,1,0.5071742351176655,0
235,0,0.15292693522413048,0,-0.4583707793920826,1,0.3427078583490703,0
236,0,0.1495355577563564,0,-0.39489198466493414,1,0.2919823367029977,0
237,0,0.16664263961307002,0,-0.4288702199784431,1,0.37206789963313525,0
238,0,0.1476943620999026,0,-0.38137588431083413,1,0.32806686725061296,0
239,0,0.13866950631483071,0,-0.33633720168848735,1,0.44176632828478135,0
240,0,0.14322033242097526,0,-0.2746447038164277,1,0.37300521765264466,0
241,0,0.1669766177824939,0,-0.24878432189491306,1,0.46657724652017707,0
242,0,0.16457929925270803,0,-0.4374635810537959,1,0.37893615050255136,0
243,0,0.13099510580161516,0,-0.4373493751663311,1,0.4467432330067121,0
244,0,0.1700087681752694,0,-0.48120159539677543,1,0.35918022194690213,0
245,0,0.1731291250952095,0,-0.5532402693170904,1,0.3560077948555439,0
246,0,0.21162979486828493,0,-1.1305376841066492,0,0.044872605088606146,0
247,0,0.21019747516424342,0,-1.0881783277492172,0,0.13712915029762904,0
248,0,0.17771762604363128,0,-1.0722189640766544,0,0.08523286146579012,0
249,0,0.22362131968100746,0,-1.1659102833723585,0,0.049113951252845754,0
250,0,0.2197361532756592,0,-1.1780508444527305,0,0.05088109676017991,0
251,0,0.21756428771386477,0,-1.1646078469131362,0,0.026660112577762785,0
252,0,0.20639665437833066,0,-1.089005382129024,0,0.05140311639509705,0
253,0,0.19485942640805415,0,-1.0735415312323369,0,0.06395917719944562,0
254,0,0.22293207839359458,0,-1.1905301968092914,0,0.033432661194946436,0
255,0,0.20471298574033736,0,-1.1421427149125107,0,0.033590896300007486,0
256,0,0.17343879048674193,0,-1.0862904552589447,0,0.11465397469343999,0
257,0,0.19226774151550552,0,-1.0382873353806845,0,0.06374510975021615,0
258,0,0.21246074462634573,0,-1.1572365479441968,0,0.04789996475486094,0
259,0,0.20732803063523075,0,-1.139920862281791,0,0.039793230247123765,0
260,0,0.21298385242759255,0,-1.0768270035607568,0,0.037574183056981285,0
261,0,0.20893149495346552,0,-1.126764445970605,0,0.05023633446958198,0
262,0,0.20838543056358055,0,-0.9954752399769522,0,0.07183826429214882,0
263,0,0.2325031777670007,0,-1.1840336822010622,0,0.01140404985461423,0
264,0,0.2020285956845183,0,-1.1462937502239292,0,0.03158762161893501,0
265,0,0.21042191516434,0,-1.0906066554831202,0,0.054886202970482925,0
266,0,0.2157964180039884,0,-1.1469562440824093,0,0.04625756569100419,0
267,0,0.21160738340299567,0,-1.1640723329574874,0,0.04826100713123169,0
268,0,0.216167595337944,0,-1.168777375161234,0,0.03411699180244204,0
269,0,0.21242362345985144,0,-1.1406852017722002,0,0.040331017098705776,0
270,0,0.22142176519765133,0,-1.1719512069152753,0,0.02329821114784805,0
271,0,0.21086849955343956,0,-1.1562900812202896,0,0.03939813570252852,0
272,0,0.22731244124924066,0,-1.1869384751433067,0,0.033741201463140275,0
273,0,0.19650473485803682,0,-1.0568268217175811,0,0.09737796953261586,0
274,0,0.19723409988694018,0,-1.11631058461965,0,0.06676868733013937,0
275,0,0.21426703196125935,0,-1.1367016493935937,0,0.05903444900843362,0
276,0,0.19377440423183517,0,-1.0969943270219136,0,0.08242416736159494,0
277,0,0.18724691329428345,0,-1.1173944537156284,0,0.04102949036487794,0
278,0,0.21307108599085584,0,-1.1092213369683908,0,0.04733442733960134,0
279,0,0.12899190819321316,0,-0.9183883830785327,0,0.2013881962524616,0
280,0,0.2119531542992189,0,-1.1291246451899917,0,0.033398683257086184,0
281,0,0.19638115388178107,0,-1.0472812971470544,0,0.13668648093129804,0
282,0,0.1992242024946405,0,-1.065139999975583,0,0.10990687481895141,0
283,0,0.19462687441058923,0,-1.0098409004946687,0,0.10495428216631682,0
284,0,0.2151009035189882,0,-1.1554310740547096,0,0.03093630210427493,0
285,0,0.1760378003870059,0,-0.9391253864590727,0,0.12723190680775823,0
286,0,0.18524104880445946,0,-1.051603144749464,0,0.1228228440040954,0
287,0,0.19979062924167712,0,-1.1066574234421402,0,0.055807828172035646,0
288,0,0.19055360381492642,0,-1.0580645052821012,0,0.04119195613049801,0
289,0,0.21752368125819938,0,-1.1568501261155937,0,0.025024549201103086,0
290,0,0.2246264453610668,0,-1.1597493185517573,0,0.015667175028729618,0
291,0,0.20987870979591383,0,-1.1377756141165145,0,0.04099797388982384,0
292,0,0.21514594145638932,0,-1.1473382080144898,0,0.03945781487519094,0
293,0,0.20420091127734213,0,-1.0840791085993307,0,0.035989885240334384,0
294,0,0.20339794715223347,0,-1.074895945348074,0,0.06097503500748569,0
295,0,0.21963385163301663,0,-1.128487785723109,0,0.023639627967755386,0
296,0,0.21307094423145256,0,-1.1506780474738827,0,0.023173738751091993,0
297,0,0.20955349177114063,0,-1.125708703385153,0,0.0403146992784157,0
298,0,0.19968188104387496,0,-1.072552874085705,0,0.058881085328773855,0
299,0,0.20758617429792625,0,-1.119819901191676,0,0.03512384335207559,0
300,0,0.21958435281389171,0,-1.1529367568920017,0,0.04682977869361075,0
301,0,0.2246778306358687,0,-1.1608658138917216,0,0.020997052656392283,0
302,0,0.2031328082553221,0,-1.05002276007903,0,0.07766334806091238,0
303,0,0.22141510952920157,0,-1.1471349796815218,0,0.03963797565617879,0
304,0,0.20916283525589618,0,-1.0163360291652488,0,0.04458516246811371,0
305,0,0.20861472500514738,0,-1.0927896126042846,0,0.0883770023688049,0
306,0,0.21884343505886356,0,-1.13722335471247,0,0.04274663576807869,0
307,0,0.20919803895173478,0,-1.130234840826704,0,0.05930000363653741,0
308,0,0.15006602608554204,0,-1.0033539252225825,0,0.09298383107328881,0
309,0,0.21882592027551073,0,-1.1455849882640674,0,0.0312628248707536,0
310,0,0.21808179877080414,0,-1.1609396887183312,0,0.03180924247026198,0
311,0,0.2007105823190068,0,-1.050069844731932,0,0.13143351987979424,0
312,0,0.22238104825768495,0,-1.1349361934604356,0,0.03745376251697298,0
313,0,0.2256032591983803,0,-1.1718763963732934,0,0.02062554656967218,0
314,0,0.2078997028934933,0,-1.1169832105640538,0,0.053307479580707806,0
315,0,0.21606775280203472,0,-1.1607632994723922,0,0.06432052130405752,0
316,0,0.14792495060729788,0,-0.9735886432380558,0,0.16606869936996008,0
317,0,0.1689099334379323,0,-0.8714783394184034,0,0.19837683942043052,0
318,0,0.20615570384792004,0,-1.0443591736006967,0,0.08526777853008416,0
319,0,0.1646799483334282,0,-1.0252426845485916,0,0.10693184147566122,0
320,0,0.21847679182416108,0,-1.1764033988045386,0,0.03200437137571349,0
321,0,0.21607481186847155,0,-1.1289569430472826,0,0.03836144220921568,0
322,0,0.20527434741594303,0,-1.1272084612196993,0,0.029802548264751295,0
323,0,0.164490384187578,0,-0.9295402926905334,0,0.1883650527797245,0
324,0,0.19909614300686207,0,-1.156492133004114,0,0.043738674537001636,0
325,0,0.17284690732448588,0,-0.9626572219009257,0,0.07543792967767746,0
326,0,0.22168426515412532,0,-1.1560788305677934,0,0.035936972163899225,0
327,0,0.20616947793229612,0,-1.1194561129954972,0,0.04335219011226104,0
328,0,0.20487603613530492,0,-1.09025115603834,0,0.03371133304190956,0
329,0,0.21032312072439846,0,-1.1285371718611141,0,0.060508974329205954,0
330,0,0.20229174649417248,0,-1.1363641028296736,0,0.05920188992670814,0
331,0,0.17170001169505522,0,-0.8758791844947733,0,0.14711591942689917,0
332,0,0.17996032459048794,0,-1.0397262766178852,0,0.1104451653096993,0
333,0,0.1940687869526227,0,-1.0775662767454213,0,0.08063933450397835,0
334,0,0.21188990109841288,0,-1.1269968943905184,0,0.045536600297135986,0
335,0,0.2231677916159479,0,-1.1475578917212301,0,0.026773285946307828,0
336,0,0.19689279711398233,0,-1.0415022357334742,0,0.08481391362114352,0
337,0,0.22382026921926113,0,-1.1468279535351336,0,0.04585136532691636,0
338,0,0.1516109274627413,0,-1.0072562921906218,0,0.11631931717627966,0
339,0,0.21848882470661635,0,-1.1583167519948336,0,0.03500093363507525,0
340,0,0.2207328902262637,0,-1.1538258772277827,0,0.06996792118476203,0
341,0,0.21606850125117227,0,-1.1664758027882418,0,0.064933152261343,0
342,0,0.15425221339769324,0,-1.0685064938597801,0,0.0732710523243993,0
343,0,0.22374126925082377,0,-1.1381494956810743,0,0.04231488632187917,0
344,0,0.212512712720004,0,-1.0814853303886522,0,0.053775852772607526,0
345,0,0.22160651055076258,0,-1.1479710944080816,0,0.059588017107314616,0
346,0,0.21004712952540688,0,-1.0624672162860744,0,0.07237112993077968,0
347,0,0.18684710684752964,0,-1.0486680965429116,0,0.10247470092251498,0
348,0,0.16539454340271253,0,-1.0467526586825304,0,0.11078794603732396,0
349,0,0.21889350941442626,0,-1.146626727168772,0,0.0365779380007152,0
350,0,0.09421919392572725,0,-0.8046122064544659,0,0.1750699081791717,0
351,0,0.0991001251738774,0,-0.8478212216038044,0,0.2341364098724526,0
352,0,0.22089439043221215,0,-1.1521419107342719,0,0.0277040141561093,0
353,0,0.20991512751720848,0,-1.1235130740686259,0,0.06512923111506935,0
354,0,0.21911729114570078,0,-1.164554321060022,0,0.0648964857029919,0
355,0,0.2301848039647179,0,-1.1946404878539147,0,0.024595183866400985,0
356,0,0.22881372139942419,0,-1.184576329451075,0,0.01903994033330404,0
357,0,0.20996311189022304,0,-1.1609808877019179,0,0.03401407844721514,0
358,0,0.22331634602907485,0,-1.1467248814170377,0,0.04600099040035017,0
359,0,0.20230566251117937,0,-1.1328341548677994,0,0.04365243498483159,0
360,0,0.20471486878752743,0,-1.1283733095442328,0,0.049656974996509874,0
361,0,0.20030619122604804,0,-1.149360228322421,0,0.04959274858291248,0
362,0,0.18981772031765132,0,-1.098773524927298,0,0.08256687470584258,0
363,0,0.2145765474338906,0,-1.143095972355126,0,0.029819585760421385,0
364,0,0.21727921473795936,0,-1.1505462993531939,0,0.028405244264234786,0
365,0,0.21137395981162332,0,-1.1410285893067875,0,0.02776232243998066,0
366,0,0.21664489062795678,0,-1.1723945689816815,0,0.0467666209341917,0
367,0,0.2150330249137058,0,-1.1440435400002025,0,0.047406866687607234,0
368,0,0.21293075390235305,0,-1.17291275746359,0,0.06823553410816086,0
369,0,0.21032890647997476,0,-1.1513634660741259,0,0.03313155680413234,0
370,0,0.19182025644425876,0,-1.0914120511982313,0,0.03650683955376856,0
371,0,0.1930679581886388,0,-1.0215958747608254,0,0.10959916470405559,0
372,0,0.19977778039787064,0,-1.0999408077066797,0,0.060046313303592315,0
373,0,0.20643697328327854,0,-1.1273238893694029,0,0.06887830681654876,0
374,0,0.21007791795639358,0,-1.1573099547471994,0,0.05337468869702142,0
375,0,0.20824745091139069,0,-1.1616405802245469,0,0.031397723405269806,0
376,0,0.18857701876267519,0,-1.04559898721005,0,0.07687469560734123,0
377,0,0.17511323992317573,0,-1.0117198031059003,0,0.12273895683865033,0
378,0,0.19939372446020992,0,-1.1255455726792012,0,0.057413183743643605,0
379,0,0.20384325987842594,0,-1.1429054592938641,0,0.08320396504537078,0
380,0,0.2018093785923462,0,-1.1576833301307836,0,0.052132193239755445,0
381,0,0.2207424913197895,0,-1.1727945682306995,0,0.026489310864830327,0
382,0,0.22315812723440687,0,-1.1688799877014817,0,0.04856135351084658,0
383,0,0.20942700162324063,0,-1.1109278033502514,0,0.07033720356123777,0
384,0,0.20962466522880463,0,-1.141023225414231,0,0.03221011632655667,0
385,0,0.18019446027214375,0,-1.094864230490322,0,0.05554624714877811,0
386,0,0.21078599013939958,0,-1.139854006653448,0,0.041707471615369585,0
387,0,0.23361946322356464,0,-1.1748191125477048,0,0.024290100370302013,0
388,0,0.18086260689668415,0,-1.0794450698189197,0,0.14066598047958484,0
389,0,0.2339373466836302,0,-1.1777279584109452,0,0.04163495829036599,0
390,0,0.17632470509591325,0,-1.0076434516840505,0,0.10371889580393043,0
391,0,0.20518393502124094,0,-1.1090410248893434,0,0.052917387017387116,0
392,0,0.2050144735263461,0,-1.0395119421518886,0,0.1505844063026973,0
393,0,0.17993673939351146,0,-1.068654825494727,0,0.14753278374769338,0
394,0,0.2138102897177076,0,-1.1032107603460304,0,0.12338571762410584,0
395,0,0.22725470537410436,0,-1.173392757561753,0,0.02707030153341659,0
396,0,0.15736902326649305,0,-1.0283203273410073,0,0.14527358917245287,0
397,0,0.16827090613839385,0,-0.9419283737057902,0,0.18040257528094172,0
398,0,0.1903624814115848,0,-1.1019311517623664,0,0.0763135139141016,0
399,0,0.2094264782607998,0,-1.0692089230327544,0,0.061790529043354546,0
400,0,0.20833479342093586,0,-1.14286267321879,0,0.04984224151786596,0
401,0,0.2186284450012489,0,-1.1848391432597223,0,0.047437765696794545,0
402,0,0.18258753188706323,0,-1.0040497448337344,0,0.06840894822089898,0
403,0,0.03847727942857748,0,-1.1826167942452155,0,0.5358101390731143,0
404,0,-0.002429529505297734,1,-0.9915726178565616,0,1.7485926837942043,1
405,0,0.048989203771962364,0,-1.1606538783720197,0,0.7570005615946194,0
406,0,0.03224614499898282,0,-0.9126005219362172,0,1.5097585600855497,0
407,0,0.017536720585257126,1,-0.2645975656002686,1,3.6277791563746993,1
408,0,-0.006223707349863439,1,-0.7924290684933952,0,2.2687007214825203,1
409,0,0.031443732964858584,0,-0.9835393030518755,0,1.6756569000774981,1
410,0,0.022443949512792494,1,0.5703550533976696,1,2.688968861782969,1
411,0,0.02583994026237524,1,-0.04741397281551851,1,2.4974376986814497,1
412,0,0.01079590809713915,1,0.9219700038364373,1,2.7808601421280805,1
413,0,-0.03509381896568298,1,1.0995014945186647,1,3.5070885593427095,1
414,0,0.016000609320631298,1,0.6247999422311454,1,2.627838679277933,1
415,0,0.04374231832276487,0,-1.095828573052594,0,1.1444219340204795,0
416,0,0.07066263318333832,0,-1.1954287298963393,0,0.1500236130228754,0
417,0,0.031874952856317584,0,-1.1482052324248364,0,0.3380023098897459,0
418,0,0.056594455247736764,0,-1.1896822209519426,0,0.15627684832350908,0
419,0,0.055550513912748345,0,-1.1601570132798804,0,0.30254189439384876,0
420,0,0.0430596905653885,0,-0.8873238475723995,0,1.123906247490156,0
421,0,-0.008457648309432186,1,-0.9911169002292333,0,1.2918337405430125,0
422,0,0.02478478179220689,1,-1.0139693754513974,0,0.8285871958058818,0
423,0,0.0468574037300068,0,-1.1686338471389401,0,0.43216495731930304,0
424,0,0.06534049455042423,0,-1.1849300744849725,0,0.17856908457268733,0
425,0,0.059773344928882866,0,-1.184273288255541,0,0.15796220096251745,0
426,0,0.007076600150433876,1,-1.1509674342811622,0,0.7027571861126484,0
427,0,0.02556468324007033,1,-1.1237488907416466,0,0.8287547014911698,0
428,0,0.07182569886411605,0,-1.1920883871483143,0,0.1930664033623904,0
429,0,0.024423616735440135,1,-1.122159715798811,0,0.3813282361283056,0
430,0,0.04065070554433625,0,-1.0888788897558055,0,0.32058377203395294,0
431,0,0.0004949120998362089,1,-0.8435978059295561,0,0.9899683681613819,0
432,0,0.022388550681628705,1,-0.5563052876955255,1,1.073428419876222,0
433,0,0.00893680937163277,1,-1.0575871761227849,0,0.609962063349068,0
434,0,-0.07136508014895004,1,-0.5912709083049761,1,3.992161973011547,1
435,0,-0.05093585490125707,1,-0.6524878719744143,1,1.7162482275459054,1
436,1,0.030993847738666758,0,-1.1809400296832087,0,0.6192126050148546,0
437,1,0.01160077906121515,1,0.9375738324377649,1,6.275981423104684,1
438,1,0.018604535634261787,1,-1.0364378090645419,0,0.7466952747274259,0
439,1,0.02241199350869616,1,-1.0902749097335418,0,0.8285318226799057,0
440,1,-0.00286149890104348,1,-1.009093231157542,0,0.7400852520826919,0
441,1,-0.011418499596269949,1,1.7804645673533779,1,6.82603260715554,1
442,1,-0.004483965474676999,1,3.698581193517606,1,26.216207690231442,1
443,1,0.020375539284054,1,-0.9704381626499139,0,0.6071689968262647,0
444,1,0.03388532569311675,0,-1.161798466349728,0,0.665566985840591,0
445,1,0.0014338740121367932,1,-0.33592286586178144,1,0.9081330268811723,0
446,1,-0.016363541560833528,1,1.8001176201313087,1,6.669955100751243,1
447,1,0.0343248991266647,0,-1.1284776294261796,0,0.5171387381715895,0
448,1,-0.007579411859577112,1,-0.7777355030980804,0,0.9613353405479945,0
449,1,0.0010331738742498375,1,-0.8983395359928141,0,0.7315194179405538,0
450,1,0.0147807105601242,1,-0.7874889792391113,0,0.6052213051153108,0
451,1,-0.007049283096739356,1,-0.9052157450799976,0,0.5449931145290259,0
452,1,-0.02314642011246759,1,-0.9663183643722313,0,0.5812071981143667,0
453,1,0.012213259423322853,1,-0.9758542784585345,0,0.618263892543849,0
454,1,0.008890849909634846,1,-0.8087219599307778,0,0.6114273703475931,0
455,1,0.0020186139221031185,1,-1.116469552520905,0,0.8247734452105397,0
456,1,0.027550029435647105,0,-0.26367295509938593,1,0.7709700014902253,0
457,1,-0.011629315582600497,1,2.02407344053579,1,5.702170733561729,1
458,1,0.00874910570101961,1,-0.8030672614182031,0,0.8056287324634169,0
459,1,0.01617197165904205,1,-0.12929423346859092,1,1.183059684410467,0
460,1,0.009336840971225113,1,0.0696655729712723,1,0.8837305737713106,0
461,1,0.019569082243291458,1,-0.3311845849272661,1,0.739179977939769,0
462,1,-0.010490066228417971,1,1.2804777067801751,1,6.143790646174575,1
463,1,0.03148779218551889,0,-1.0442912129634578,0,0.4732886391340806,0
464,1,0.011947079794801696,1,-0.8294203450403645,0,0.5151452959309963,0
465,1,0.008995281016267564,1,-0.4582910256490258,1,0.7513557619690794,0
466,1,0.018657057872471516,1,-0.5062436530554311,1,0.7515020745852306,0
467,1,0.010970063537879549,1,-0.26079405349371454,1,0.7682616884077605,0
468,1,0.015100820042217133,1,-0.8778039700977971,0,0.5007819911596935,0
469,1,0.0024482305393869197,1,-0.8647936307632988,0,0.5365634669963588,0
470,1,-0.0230193787825409,1,-0.8378397309397014,0,0.7292734702400944,0
471,1,-0.03644354178277731,1,-0.511448590622039,1,0.7679832519002222,0
472,1,-0.006618664444726696,1,-0.6882918028109379,1,0.649777463532377,0
473,1,0.02338510424365947,1,-0.991163603251878,0,0.5856157835462417,0
474,1,0.018053638709984332,1,-1.104120195426174,0,0.5522701671866994,0
475,1,0.007639217599660353,1,-0.44589041533018503,1,0.6023986698512681,0
476,1,-0.0062661027081984955,1,-0.4125806964495311,1,1.1297975102315116,0
477,1,0.0011427498005089909,1,-0.5282946287394816,1,0.675347503701652,0
478,1,-0.018644710827811273,1,-0.6286209824110514,1,0.5843912939847893,0
479,1,-0.0023232553645204934,1,-0.44858558085071776,1,1.3993028663538931,0
480,1,-0.039489354151869493,1,2.365096633288712,1,5.668783158633964,1
481,1,-0.005453765144244227,1,-0.6384363528557493,1,1.508491302406392,0
482,1,0.008025642420519286,1,-0.9847979548154098,0,0.7472799990770213,0
483,1,-0.01591377818701556,1,-0.67775397964615,1,0.5440567214191467,0
484,1,-0.025998649027846765,1,-0.8264265556881112,0,1.3113720489219938,0
485,1,-0.04566730921291462,1,1.2066205672963037,1,5.314953062832304,1
486,1,-0.03437968866920216,1,1.1152452535206252,1,14.473745022597665,1
487,1,-0.025070762488752174,1,-0.6192890608223232,1,1.3303943508432945,0
488,1,-0.011714002293529258,1,-0.916589369630227,0,1.0995114643567203,0
489,1,-0.01330789186442749,1,-0.5757423354047813,1,0.97786376374972,0
490,1,0.012785590002497016,1,0.39481007672781976,1,4.1306934862000375,1
491,1,-0.007391986907651749,1,-0.8075928126237035,0,1.2388066538436893,0
492,1,-0.010048461212136983,1,-0.5976365391561034,1,1.3230909382890428,0
493,1,-0.021816541303597337,1,-0.8338379840407188,0,0.6595867912136617,0
494,1,-0.01705841079940118,1,-0.72789504507322,0,0.8915764855455475,0
495,1,-0.02885310310737077,1,0.6756208028170252,1,6.118705870697701,1
496,1,-0.019338274356134888,1,-0.420145468098601,1,1.6512829673393292,1
497,1,-0.018676674843118635,1,8.594780356774566,1,196.2492664499986,1
498,1,-0.02800528025912241,1,0.8165182573881702,1,7.249824821102375,1
499,1,-0.01445701964013868,1,-0.9792032412730964,0,1.0447250412621516,0
500,1,-0.0008156700568450193,1,-0.8704368536928058,0,0.9803685740927964,0
501,1,0.018462974681319633,1,-0.8474210492493957,0,1.0746300051106878,0
502,1,-0.005160186596712801,1,-0.7187752496614257,0,1.052457489296344,0
503,1,0.0023078757686946227,1,-0.7809796407500909,0,1.3476835426429665,0
504,1,-0.017487772128134238,1,-0.5737992511486791,1,1.6764750821446097,1
505,1,0.006336516245387558,1,-0.7412812873127081,0,1.5298379498147345,0
506,1,-0.03686467675420413,1,-0.2333034299947938,1,2.6778223864668593,1
507,1,-0.0035643982253410478,1,-0.26599646502759056,1,2.3973418574306833,1
508,1,0.0009309536015784659,1,-0.9127279909741277,0,1.004685872137131,0
509,1,-0.012083871677852964,1,-0.651948790723432,1,1.5077158966416253,0
510,1,-0.011317688738422649,1,-0.6994975208570682,1,1.2119909976711676,0
511,1,-0.0013678202806299833,1,-0.6031360635623475,1,1.6364554149926165,1
512,1,-0.011790928126661493,1,-0.7659319418018873,0,1.598237974419956,1
513,1,-0.013199081421001124,1,-0.5888790398340549,1,2.0842124528282917,1
514,1,-0.006733974912584317,1,-0.6069904380401598,1,1.9436738554142845,1
515,1,0.0032683831807559516,1,-0.6750377128095613,1,1.8217891928247156,1
516,1,-0.015197820127590411,1,-0.48388992487711313,1,1.564487116109459,1
517,1,-0.03277153875491767,1,-0.743436086843646,0,1.6410928212754647,1
518,1,-0.046925611466685946,1,-0.5465339093077672,1,1.5609906404679044,1
519,1,-0.0352260401429747,1,0.7620861096961238,1,5.48454790226039,1
520,1,0.00024067779496417252,1,-0.8260216348154454,0,1.4867164719924688,0
521,1,-0.01936354810931462,1,-0.3383822118726043,1,2.510373521798919,1
522,1,-0.01385989866945514,1,-0.5830363100280678,1,1.752528391261985,1
523,1,-0.012634126809225155,1,-0.3342459771888171,1,1.2814897753290295,0
524,1,-0.048901485735157846,1,-0.29136282195494,1,1.535417803940414,0
525,1,-0.007518945123655474,1,-0.8610600851199881,0,1.2263765649155292,0
526,1,-0.011362387890746506,1,-0.7923700782489989,0,1.7066015068498679,1
527,1,-0.014282620747940289,1,-0.5709564570071333,1,2.1690635275354175,1
528,1,-0.025896111873989325,1,-0.5463100320133771,1,2.0424210168982926,1
529,1,-0.015168824135171732,1,-0.6795513147163683,1,1.703137754079954,1
530,1,-0.011245066913154411,1,-0.9153613957895579,0,1.2448463046128109,0
531,1,-0.008091356081793788,1,-0.8523863421284403,0,1.245215909145616,0
532,1,-0.001181576484454716,1,-0.890871929643076,0,1.3906886797470333,0
533,1,-0.018774518847097244,1,-0.49076543840634224,1,1.097458280205874,0
534,1,-0.030744242766499674,1,-0.47489459065605466,1,1.4219657507883015,0
535,1,-0.005167556543267726,1,-0.7260989682186805,0,1.7465601735298548,1
536,1,-0.015693672862951757,1,-0.610403107053221,1,1.9885926579018327,1
537,1,-0.032408090627906616,1,-0.26643927315866733,1,3.0766408770986216,1
538,1,-0.02037737805156159,1,-0.2542770261647558,1,2.6858953913770924,1
539,1,-0.02724985007479319,1,-0.6316203122843362,1,1.9210888748301376,1
540,1,0.009755004147146584,1,-0.6255004757310205,1,1.417720884552232,0
541,1,-0.01850082560315891,1,-0.011222384497420634,1,2.5192843579705197,1
542,1,-0.013934615154909014,1,-0.2821165286446088,1,2.286798909988556,1
543,1,0.007533469206279397,1,-0.40110987618357186,1,1.9691491243595727,1
544,1,0.015260235928382215,1,-0.6706274027453059,1,1.6232891357012416,1
545,1,-0.02497584829762345,1,-0.4403296818655853,1,2.3816076348029585,1
546,1,-0.051648951669913123,1,0.8292367288674991,1,3.8136893076892626,1
547,1,-0.01858838043345834,1,0.3092473347578877,1,3.3439303868395536,1
548,1,-0.024432901760254144,1,-0.05461985267368119,1,2.5734451245626904,1
549,1,-0.011360779781987351,1,-0.591625243885066,1,1.7818586627817588,1
550,1,-0.015957164184290273,1,-0.4109134331659401,1,2.0114820008363057,1
551,1,-0.031931937637295515,1,-0.06636911584952765,1,2.6166891237315455,1
552,1,-0.019347897202950493,1,-0.5478760005044652,1,2.1395210256903887,1
553,1,-0.02132417156082278,1,-0.5248434623397009,1,2.1520701032848324,1
554,1,-0.012091754357372864,1,-0.19892831593227522,1,2.4167751240279687,1
555,1,-0.04199858313453586,1,-0.3996331807573774,1,2.463200864118629,1
556,1,0.005960354286299818,1,-0.7093110060483685,0,1.2881139920874776,0
557,1,-0.0046225667778859725,1,0.9879773855843825,1,6.318013704195492,1
558,1,-0.020512389112895435,1,-0.6512655376620804,1,1.598070042135857,1
559,1,-0.01367403938983569,1,-0.3077673543161594,1,2.328934221929297,1
560,1,-0.016792839093836553,1,0.4914159180263531,1,3.3366294900909734,1
561,1,-0.036349101498053704,1,0.17366487828358101,1,3.424747087318817,1
562,1,-0.08123242466476754,1,1.0656631266151755,1,3.9951362122498315,1
563,1,-0.020475640576085974,1,0.32405323786088625,1,3.526234171149146,1
564,1,-0.030133671512892146,1,0.10661248939646129,1,3.35469564008552,1
565,1,-0.0344983793248107,1,0.0818913629430269,1,2.913217690784349,1
566,1,-0.037234617231855616,1,0.042743330648926214,1,2.7516132967406106,1
567,1,-0.08313557507887115,1,2.3661918243091864,1,5.226700706391846,1
568,1,-0.04278269298447601,1,0.5067061251823048,1,3.52978136541818,1
569,1,-0.003903982375973114,1,-0.11159905209261689,1,2.4950201407355515,1
570,1,-0.030554159144491888,1,0.8322879724186829,1,6.744781234538507,1
571,1,-0.008762339493820548,1,-0.5482345285659682,1,1.996255255953488,1
572,1,-0.023998738019763155,1,0.17288155387638504,1,3.135184345463952,1
573,1,-0.03407526698074559,1,0.08659216778167567,1,2.880079963151889,1
574,1,-0.019062409634898914,1,-0.24813742982499853,1,2.6704324996188262,1
575,1,-0.008215157872578871,1,-0.6745257959512165,1,1.8333354841638538,1
576,1,-0.017224727410116603,1,-0.3779027119282694,1,1.9954496179892218,1
577,1,-0.0331354771051825,1,-0.5084967962334819,1,2.229399117552456,1
578,1,-0.011441517391343026,1,-0.4005477814657634,1,2.561214005857944,1
579,1,-0.02014575632657689,1,-0.25188199600850925,1,2.743584359650721,1
580,1,-0.021264779817854795,1,-0.3323272448812986,1,2.749398964920644,1
581,1,-0.007655903066636216,1,-0.5140608505592907,1,2.0242142927596882,1
582,1,-0.008789837739616169,1,-0.46774924177679544,1,2.060297337933803,1
583,1,-0.023983581273914645,1,1.3638470284582502,1,17.290875189639912,1
584,1,-0.013554007665972811,1,-0.25976285563548007,1,2.535133121538639,1
585,1,-0.06729075909878723,1,0.6999986770102247,1,4.1302265489305,1
586,1,-0.025363439335999494,1,-0.20335367705741625,1,2.797682776746977,1
587,1,-0.03168194073364583,1,-0.27773223908921163,1,2.483606988522274,1
588,1,-0.021232912186317066,1,-0.0664381562112224,1,2.4897150171645612,1
589,1,-0.023583534826103203,1,-0.3130205494096159,1,2.636862209616428,1
590,1,-0.021808938470633366,1,-0.527089195340045,1,2.0220661214251203,1
591,1,-0.019395302096127498,1,-0.46253861010136,1,1.9304045645044092,1
592,1,0.006666949776594544,1,-0.5176842445081298,1,2.0697576750838063,1
593,1,0.006110897137362237,1,-0.7187080712100804,0,1.437454073975211,0
594,1,0.0019611143598828873,1,-0.4901843865936337,1,1.9756586403346212,1
595,1,-0.013732399186446864,1,-0.5416836667809526,1,2.1362834382078986,1
596,1,-0.017414894815080184,1,-0.5836922420700641,1,2.281174296414325,1
597,1,-0.058574574921797296,1,0.30920976657784704,1,3.2644859636868047,1
598,1,-0.032240892722272374,1,-0.4069883443711486,1,1.9127660827611195,1
599,1,-0.0003731094643215638,1,-0.6014901432973891,1,1.9651590864224446,1
600,1,0.0011018560769280317,1,-0.7299271949830082,0,1.5850212521749163,1
601,1,-0.006568786971382967,1,-0.5638194857479166,1,2.0650821103401986,1
602,1,0.018522621525800198,1,-0.4078078442137225,1,2.2495612327045755,1
603,1,-0.009662085712929369,1,-0.6402134100079404,1,1.5352879561752202,0
604,1,-0.0041936388977796835,1,-0.827448167105157,0,1.2609255518618032,0
605,1,-0.00016952413043336279,1,-0.6973312610179956,1,1.5795950946015147,1
606,1,-0.005195329895397949,1,-0.4161040566397549,1,1.8556917826462151,1
607,1,-0.014506126624785565,1,-0.23697667927274946,1,2.8705268183254207,1
608,1,-0.007606218922026509,1,-0.45313004614603436,1,2.2682989486668017,1
609,1,0.0010429838876961917,1,-0.2986422052471389,1,2.4813057114380888,1
610,1,0.0012656556675180175,1,-0.5618370599021365,1,1.728667642165231,1
611,1,-0.03057294072959471,1,-0.7761848691228457,0,1.494697672027605,0
612,1,-0.013467890672979599,1,-0.7459477268191905,0,1.8321950653472754,1
613,1,-0.016838680850485344,1,-0.46297088276876885,1,2.21013411212314,1
614,1,-0.0065727036308675935,1,-0.7716872568867281,0,1.3105463599398035,0
615,1,0.01791946090388319,1,-0.7525114709297744,0,0.6642913690435237,0
616,1,0.011732466369718586,1,-0.7691705062630234,0,0.6725865113951153,0
617,1,-0.0016547836370964797,1,-0.5148049829075503,1,1.3285216701216718,0
618,1,0.002377722614676392,1,-0.9338941195288453,0,0.6401620971486381,0
619,1,-0.0032377980850188948,1,-0.8116131517938927,0,1.2856180436298257,0
620,1,0.0008925087075413174,1,-0.9513003162442168,0,0.677178256498245,0
621,1,-0.032090649440316255,1,-0.692398986966495,1,1.6776921190217606,1
622,1,-0.01609909249223085,1,-0.6683138850582868,1,1.569612675450671,1
623,1,-0.00295723049291996,1,-0.661994142748835,1,1.620693032166915,1
624,1,-0.010450728898587003,1,-0.5255854688559523,1,2.114794042681258,1
625,1,-0.006781683824543028,1,-0.5796032661529449,1,2.020900586825472,1
626,1,-0.007507924200887639,1,-0.47713065487033823,1,1.75658809757612,1
627,1,0.007947326960030976,1,-0.7175767971304967,0,1.321599473720826,0
628,1,-0.0028435706729441623,1,-1.0448152393306227,0,0.8482775981557313,0
629,1,0.022809527341494662,1,-0.7945644397038487,0,1.214749500927112,0
630,1,0.010456802214835137,1,-0.8582058836359785,0,0.5416031270888815,0
631,1,0.013831616808220981,1,-0.8769917071246374,0,0.5002561812066526,0
632,1,-0.0028216041163505734,1,-0.7981131486015143,0,0.9779685259118953,0
633,1,-0.008108217948061602,1,-0.5616954994340253,1,1.2094589116612138,0
634,1,-0.0017451914629769139,1,-0.7699405648040853,0,0.8849194040717968,0
635,1,-0.0011743671804060885,1,-0.6901785204011195,1,1.1374023879159503,0
636,1,0.008122204981549697,1,-0.9902921428941962,0,0.7416287995518331,0
637,1,0.019832670648863293,1,-0.9529017551865242,0,0.6162498304152633,0
638,1,-0.0030351515871701595,1,-0.7004653632546716,1,1.2559591538169903,0
639,1,0.012531454933025321,1,-0.9776301428553236,0,0.7134239223667604,0
640,1,0.01768103774082963,1,-0.9755204198101737,0,0.7830787412169158,0
641,1,8.869979116532534e-06,1,-0.862564380560519,0,0.7832994180251842,0
642,1,0.013975812361097684,1,-0.8603046682284905,0,0.65732673700553,0
643,1,-0.0016303947195162038,1,-0.5722795450643281,1,1.2779876440841185,0
644,1,0.012305814833700413,1,-1.0002547798879269,0,0.6544547624598509,0
645,1,0.007173695948771486,1,-0.8948635027122895,0,0.8279804199275697,0
646,1,0.02914908053989529,0,-1.0107556241366678,0,0.5162346921157742,0
647,1,0.007214494588125064,1,-0.7439255842962464,0,1.1908030191653434,0
648,1,0.008457473316760278,1,-0.7307188326777962,0,1.4983392376352787,0
649,1,0.021260376485673693,1,-0.7722516673292481,0,1.0026296988764485,0
650,1,0.03550365293056634,0,-1.0837290127532593,0,0.4672159897046594,0
651,1,0.000796328793157941,1,-0.6931181944467477,1,0.9602498822436448,0
652,1,0.01638856083794238,1,-0.8915729786062656,0,0.5383454080717074,0
653,1,-0.0019094742170804313,1,-0.9250975674183868,0,0.6586551862001608,0
654,1,0.0013592723030270148,1,-0.7988241491908383,0,0.8664549527692215,0
655,1,0.015541772507175144,1,-1.0093385277271218,0,0.9322112600599739,0
656,1,0.012549716580632198,1,-1.0519835163850706,0,0.5931899955268578,0
657,1,0.05502430847162343,0,-1.1556849050714564,0,0.3974826016016736,0
658,1,0.03368116956731748,0,-1.122075954387805,0,0.7321400185735488,0
659,0,-0.04735341779816937,1,-0.4704701639207036,1,6.690560168710493,1
660,0,-0.0359482314616556,1,-0.8215283904271307,0,4.523214171119541,1
661,0,-0.027061521668780175,1,-0.8114534073164363,0,4.617042797133203,1
662,0,-0.03512894558087887,1,-0.6037834184196065,1,5.723292027931613,1
663,0,-0.009516213349840541,1,-0.9036952036793351,0,3.0463874182019457,1
664,0,-0.014117464870245344,1,-0.9071991208036663,0,3.5864673873691943,1
665,0,0.022196151951068055,1,-1.0281223492066895,0,1.7507572507024147,1
666,0,0.022399716415138382,1,-1.0475140620720993,0,0.4837498237103233,0
667,0,0.01970507554150236,1,-1.0505152320656346,0,0.5130499561914597,0
668,0,0.033237626039713364,0,-1.0696474807208147,0,0.45164628539563506,0
669,0,0.0672106659100552,0,-1.1563602071579824,0,0.08526879973881869,0
670,0,0.039261838870535914,0,-1.0088679583979998,0,0.7867467944817386,0
671,0,0.021411903388568132,1,-1.040334839493447,0,0.6892109772168501,0
672,0,0.04793613781373329,0,-1.0833389974233203,0,0.21678568301002685,0
673,0,0.060368187552272023,0,-1.1641470602402348,0,0.43132131811468327,0
674,0,0.02523064899424754,1,0.9157036081628669,1,14.112320596424476,1
675,0,0.034180021530072824,0,-1.1267457755413985,0,0.47146171356103056,0
676,0,0.0041340873248384424,1,-1.0408452463276845,0,0.8598257550628496,0
677,0,0.010684593380321572,1,-1.0231711431396668,0,0.9442656313306884,0
678,0,0.03398053161305792,0,-1.174162451047088,0,0.1744941049632372,0
679,0,0.04630146474602426,0,-1.1546919268690299,0,0.23104502313109632,0
680,0,0.05948012343450382,0,-1.1307553878595633,0,0.22222903287805224,0
681,0,0.017666143976734716,1,0.45744008075909415,1,15.673053785050048,1
682,0,0.03398740083175267,0,-1.068048420339118,0,1.1606254660322635,0
683,0,0.018024086107061632,1,0.42460414326470985,1,4.044281294878876,1
684,0,0.01292299873773095,1,-0.6235600596622566,1,3.0608063383239186,1
685,0,0.02559042542683143,1,-0.953057874455947,0,1.8437300819830853,1
686,0,0.02195102069210564,1,-1.150085239881915,0,0.667639013728498,0
687,0,0.04044200125641684,0,-1.0950762009223578,0,1.7608130478616588,1
688,0,0.0032084768371529737,1,-0.9486698294691978,0,4.214000583933961,1
689,0,0.004894468584619727,1,-0.9727537248631952,0,4.11701456095727,1
690,0,0.0033266005786665165,1,-1.0318372094657609,0,3.3359894010807913,1
691,0,-0.0027985085376394103,1,-0.939827059171723,0,4.105783321956787,1
692,0,-0.007686967328166094,1,-0.9564229165446432,0,4.323926076296013,1
693,0,-0.040456110111242394,1,0.031013984390170002,1,3.478224246210016,1
694,0,-0.029086499745821448,1,-0.656758348955446,1,3.048180755705572,1
695,0,-0.0030756101287410242,1,-0.9275604350561002,0,1.3695881405590096,0
696,0,0.03664101503714645,0,-1.0897476198374756,0,0.6036290713585328,0
697,0,0.018144470055167283,1,1.118769644208406,1,2.861114018368253,1
698,0,0.022260174429716173,1,-0.22285656019637368,1,1.9742435958579523,1
699,0,0.0188378638247213,1,1.0041449671728175,1,3.009361374520849,1
700,0,0.016204727898016857,1,1.4560858637885175,1,2.8316609444827057,1
701,0,-0.011547081321571229,1,-0.37319088150632584,1,2.628541769683424,1
702,0,0.041468891787408646,0,-1.1575999266987687,0,0.8728055969878451,0
703,0,0.06281093998426768,0,-1.1745530089991076,0,0.18240719324578192,0
704,0,0.024881604014334036,1,-0.9954429596837135,0,1.2912276516672083,0
705,0,0.009349925611489174,1,-1.0913167513765796,0,0.40490502850852117,0
706,0,0.03910206751080059,0,-1.0927718628353102,0,0.5060027340054652,0
707,0,0.06022220486676022,0,-1.1538077391216912,0,0.43026728058680747,0
708,0,0.04917078123337615,0,-1.1483171813395077,0,0.32590419362062234,0
709,0,0.06665546029703229,0,-1.1531382516997137,0,0.3517948237742944,0
710,0,0.03110007049907515,0,-0.4131894166122918,1,3.475357217129736,1
711,0,0.05233572848371382,0,-1.1838929025080516,0,0.27505081735377074,0
712,0,0.023513374292740696,1,-1.066335669532956,0,0.40171275731115746,0
713,0,0.06616511546546455,0,-1.1980592519703082,0,0.24967677357662305,0
714,0,0.055959897193953334,0,-1.188056862254073,0,0.2109181816770497,0
715,0,0.056307582272063006,0,-1.1910827925860934,0,0.4178553934388221,0
716,0,0.07479749625874615,0,-1.1911560598372883,0,0.13195381956656088,0
717,0,0.048604229992278314,0,-1.0825830691196592,0,0.35238901085663543,0
718,0,-0.08126110115240703,1,2.16825981528325,1,1.2474842407124815,0
719,0,0.02065223415752171,1,-0.6783096714096215,1,1.0523637509582817,0
720,0,0.04851717639111286,0,-1.1100006541273453,0,0.6477220573164948,0
721,0,0.011871685813476973,1,-1.0678508990410398,0,0.4870946974877889,0
722,0,0.036632497280383536,0,-1.0947651559365303,0,0.44261940587641424,0
723,0,0.008647915337977041,1,-1.015840007581034,0,0.7268025079720257,0
724,0,-0.019686970416636695,1,-0.9132689165512042,0,0.9263912451473317,0
725,0,0.024359108052489864,1,-1.063684547546142,0,0.43121607825839464,0
726,0,0.044329319845241466,0,-1.053601039019777,0,0.8513910109772171,0
727,0,0.036519903489502514,0,-1.066307848971744,0,0.4696420364216521,0
728,0,0.03630696808672229,0,-1.025424703817319,0,0.8375978862835964,0
729,0,0.022294840830247797,1,-1.067352093866139,0,0.7441218785422044,0
730,0,0.04646795341789922,0,-1.1805734936220502,0,0.464278288946162,0
731,0,0.043581378869468224,0,-1.0937029585140041,0,0.3848673386798829,0
732,0,0.022544843152069616,1,-1.0967489988537107,0,0.2893406017728789,0
733,0,0.0025055513200890056,1,-1.010129330918295,0,0.8654154417322332,0
734,0,0.03346573066732128,0,-1.1762934675469305,0,0.18066765860739617,0
735,0,0.019901103342298998,1,-1.0395864379749327,0,0.9711033769414048,0
736,0,0.02669690832002347,0,-1.16654195263101,0,0.4115255720477925,0
737,0,0.04366888009524594,0,-1.174315831987517,0,0.1986502934292244,0
738,0,0.03187674200682822,0,-1.13648325074386,0,0.39076869085375787,0
739,0,0.06169003298461195,0,-1.165560652310213,0,0.2666366624897781,0
740,0,0.049485235780836856,0,-1.1317913530271606,0,0.22342756778328496,0
741,0,0.010752628308995371,1,-0.7913312939829131,0,2.7246693961781916,1
742,0,0.006069673659050534,1,-0.7388704344713828,0,1.8941279600040766,1
743,0,-0.016554541695087743,1,-0.7922896056059034,0,2.472989125539255,1
744,0,0.0037984834222547503,1,-0.7540250250869356,0,3.007536122438789,1
745,0,0.014060175699768918,1,-1.0717568963486976,0,0.6837252200268837,0
746,0,0.032226821492747026,0,-1.1714439556102412,0,0.5454255086297033,0
747,0,-0.007299639360841104,1,-0.7814550296004577,0,5.789405665469742,1
748,0,0.003652103782017857,1,-0.9970784930520586,0,3.5051524809973515,1
749,0,0.015073921562252401,1,-1.0965528174531987,0,2.3358197365130073,1
750,0,0.002462924592867455,1,-1.024404077765194,0,3.2637601151648723,1
751,0,0.02099195869612791,1,-1.059423879016773,0,2.561554044858809,1
752,0,0.01904575573612699,1,-1.02290968779042,0,2.4624098169578597,1
753,0,0.006434818719727509,1,-0.8682278009516091,0,2.124429181541068,1
754,0,-0.026299215301744172,1,-0.3519904446257609,1,4.237646014984927,1
755,0,0.03140499754327841,0,-1.134931129487108,0,0.3528544167307802,0
756,0,0.01538539600826172,1,-1.000968699847543,0,1.4371993602436874,0
757,0,0.024139824047838543,1,0.7018878836234133,1,2.6849760563546887,1
758,0,-0.03060790038908645,1,1.2167161163964253,1,3.727575171534545,1
759,0,-0.0353952238190135,1,1.5599558272137322,1,3.303840724523399,1
760,0,-0.018828612628003838,1,1.180963625172501,1,3.06591014349476,1
761,0,0.03600506315269836,0,-1.0263958895289007,0,0.9562027218476045,0
762,0,0.058769296919885194,0,-1.1555935086698013,0,0.3039672111539363,0
763,0,-0.004223957010443868,1,-1.0078735838467903,0,0.6118867932443997,0
764,0,-0.0008010204393132936,1,-0.9940331628958536,0,0.5680035123935284,0
765,0,0.08703987298345223,0,-1.1788623084616265,0,0.12735846782037935,0
766,0,0.058679655590255675,0,-1.150597196125303,0,0.21253225883903842,0
767,0,0.01884397280545158,1,-0.2871691794816291,1,4.312619882769972,1
768,0,0.007005813630982183,1,-1.052310794928938,0,0.5575276516844843,0
769,0,0.07504541055766956,0,-1.1810053519677326,0,0.1743653841052893,0
770,0,0.08465714318296425,0,-1.1866953126368882,0,0.2114153309553588,0
771,0,0.04848032720749962,0,-1.1908397112468445,0,0.21568064523032066,0
772,0,0.03518977733980977,0,-1.1762934675469305,0,0.3974610527786166,0
773,0,0.07876204970606426,0,-1.1936427392625792,0,0.09596927181163674,0
774,0,-0.06150304026010789,1,-0.4598263401736655,1,1.9181498230884284,1
775,0,-0.1152788552378059,1,2.9693250586026037,1,1.137685122280234,0
776,0,0.026753902001489083,0,-0.5863835895932517,1,1.2875720103663368,0
777,0,0.0633529167061384,0,-1.1727629085137812,0,0.28049915389365665,0
778,0,0.023248972738205698,1,-1.0763207070076966,0,0.44327557898585396,0
779,0,0.009432819402325432,1,-1.0283704386604482,0,0.5190179095802483,0
780,0,0.031476032825293765,0,-1.0869613767279318,0,0.44293647117159607,0
781,0,0.04687399771482281,0,-1.1031525257988932,0,0.2757305549844773,0
782,0,0.017766367143917328,1,-1.0335392703565842,0,0.6230177563145538,0
783,0,0.005869568671033165,1,-0.9184639245063309,0,0.8888673725610218,0
784,0,0.06572160869739618,0,-1.1025924288011109,0,0.20216550713826553,0
785,0,0.04851461816298297,0,-1.125579588474402,0,0.21993300374099922,0
786,0,0.03591966736230634,0,-1.0427056734046385,0,0.7483433262194366,0
787,0,0.010282518477115699,1,-1.0602909097571083,0,0.39245704303485107,0
788,0,0.02751092597474869,0,-1.0693535948863704,0,0.3689931554793683,0
789,0,0.0733040821621076,0,-1.1910266295638234,0,0.13702404541914556,0
790,0,0.03024423912749874,0,-1.0578498320033154,0,0.972864731748835,0
791,0,0.025581558262788517,1,-0.9031587616366603,0,1.622023178942494,1
792,0,-0.004346512804194624,1,-0.937447145879857,0,1.3638821942626502,0
793,0,0.03427461508524121,0,-1.0858353594364762,0,0.6550102206213854,0
794,0,0.03903332781393287,0,-1.1645837088066786,0,0.2150646427520369,0
795,0,0.055538556477350176,0,-1.1693307956166246,0,0.2386447213677582,0
796,0,0.06029064993918387,0,-1.1740964577540463,0,0.23033549346866736,0
797,0,0.059790402759937744,0,-1.1485797156683386,0,0.22277058695888757,0
798,0,0.03073690180699684,0,-1.064607767891803,0,0.6050284679237384,0
799,0,0.011660466114556622,1,0.28866467199216084,1,3.9687139419667425,1
800,0,0.0027513510021817122,1,-0.4126986556014032,1,3.282957920235787,1
801,0,0.012018496381826949,1,-0.5750567844949088,1,2.5556799151168024,1
802,0,0.061067104985378484,0,-1.1821119387034278,0,0.4304252858487976,0
803,0,-0.01408854901726031,1,-1.024395669045686,0,1.9512671503266001,1
804,0,0.006340600568489618,1,-1.1007198827085898,0,1.2232089109547988,0
805,0,0.018901008232375616,1,-1.026267652702392,0,2.443049671801813,1
806,0,-0.004336247153193251,1,-1.0466815351958374,0,3.0302191346515537,1
807,0,0.02638162238109043,0,-1.0934020211667832,0,2.1716082918332247,1
808,0,-0.010513262424390657,1,-1.05034356834632,0,2.4896308478355516,1
809,0,-0.03699139359843362,1,-1.0147376855902759,0,3.1808189764305217,1
810,0,0.00027862607090012315,1,-0.8741333511599021,0,2.0490505742067877,1
811,0,-0.01167392989573901,1,-0.6641056620873447,1,3.413878816020629,1
812,0,0.05728795306001255,0,-1.174993005997482,0,0.28996398404116114,0
813,0,0.021471509404572653,1,-0.9730091363343734,0,1.0828305932724285,0
814,0,-0.001711848823407025,1,1.4424977625959166,1,3.6587193330067733,1
815,0,-0.018529872279825055,1,1.1919625404577423,1,2.9475392631369792,1
816,0,-0.04485222000241895,1,1.5633291442944781,1,3.5055344323663022,1
817,0,-0.03371250626271949,1,1.3490736208257275,1,3.341943175769541,1
818,0,-0.002566599943466419,1,1.1014724670417944,1,2.9662976227604587,1
819,0,0.05439096657391407,0,-1.1211782766805982,0,0.8121417689529776,0
820,0,0.05654622913097018,0,-1.1767383423363187,0,0.5197898613864022,0
821,0,0.021587228364279065,1,-1.1147412587798857,0,0.7444380300719114,0
822,0,0.02083711780901032,1,-1.0984667400724226,0,0.3704851613270517,0
823,0,0.05611685218069884,0,-1.1134973600857359,0,0.30076071779040603,0
